<?xml version="1.0" encoding="utf-8" standalone="yes" ?>
<rss version="2.0" xmlns:atom="http://www.w3.org/2005/Atom">
  <channel>
    <title>1 | Davide Rucci – PhD</title>
    <link>https://davider95.netlify.app/publication-type/1/</link>
      <atom:link href="https://davider95.netlify.app/publication-type/1/index.xml" rel="self" type="application/rss+xml" />
    <description>1</description>
    <generator>Wowchemy (https://wowchemy.com)</generator><language>en-us</language><lastBuildDate>Tue, 09 Jul 2019 00:00:00 +0000</lastBuildDate>
    <image>
      <url>https://davider95.netlify.app/media/icon_hu0b7a4cb9992c9ac0e91bd28ffd38dd00_9727_512x512_fill_lanczos_center_3.png</url>
      <title>1</title>
      <link>https://davider95.netlify.app/publication-type/1/</link>
    </image>
    
    <item>
      <title>Literal Selection in Switching Lattice Design</title>
      <link>https://davider95.netlify.app/publication/boolean-switching-thesis/</link>
      <pubDate>Tue, 09 Jul 2019 00:00:00 +0000</pubDate>
      <guid>https://davider95.netlify.app/publication/boolean-switching-thesis/</guid>
      <description></description>
    </item>
    
  </channel>
</rss>
