
    
    
    
    
    
    
    
    
    
    
    [{"authors":null,"categories":null,"content":"Davide Rucci is a PhD student at the Computer Science department of the University of Pisa. His research research interests include the design of algorithms and data structures on graphs, algorithm engineering and enumeration.\n","date":1607817600,"expirydate":-62135596800,"kind":"term","lang":"en","lastmod":1607817600,"objectID":"2525497d367e79493fd32b198b28f040","permalink":"","publishdate":"0001-01-01T00:00:00Z","relpermalink":"","section":"authors","summary":"Davide Rucci is a PhD student at the Computer Science department of the University of Pisa. His research research interests include the design of algorithms and data structures on graphs, algorithm engineering and enumeration.","tags":null,"title":"Davide Rucci","type":"authors"},{"authors":[],"categories":null,"content":" Click on the Slides button above to view the built-in slides feature. Slides can be added in a few ways:\nCreate slides using Wowchemy’s Slides feature and link using slides parameter in the front matter of the talk file Upload an existing slide deck to static/ and link using url_slides parameter in the front matter of the talk file Embed your slides (e.g. Google Slides) or presentation video on this page using shortcodes. Further event details, including page elements such as image galleries, can be added to the body of this page.\n","date":1906549200,"expirydate":-62135596800,"kind":"page","lang":"en","lastmod":1906549200,"objectID":"a8edef490afe42206247b6ac05657af0","permalink":"https://davider95.netlify.app/talk/example-talk/","publishdate":"2017-01-01T00:00:00Z","relpermalink":"/talk/example-talk/","section":"event","summary":"An example talk using Wowchemy's Markdown slides feature.","tags":[],"title":"Example Talk","type":"event"},{"authors":["Davide Rucci","吳恩達"],"categories":["Demo","教程"],"content":"import libr print(\u0026#39;hello\u0026#39;) Overview The Wowchemy website builder for Hugo, along with its starter templates, is designed for professional creators, educators, and teams/organizations - although it can be used to create any kind of site The template can be modified and customised to suit your needs. It’s a good platform for anyone looking to take control of their data and online identity whilst having the convenience to start off with a no-code solution (write in Markdown and customize with YAML parameters) and having flexibility to later add even deeper personalization with HTML and CSS You can work with all your favourite tools and apps with hundreds of plugins and integrations to speed up your workflows, interact with your readers, and much more Get Started 👉 Create a new site 📚 Personalize your site 💬 Chat with the Wowchemy community or Hugo community 🐦 Twitter: @wowchemy @GeorgeCushen #MadeWithWowchemy 💡 Request a feature or report a bug for Wowchemy ⬆️ Updating Wowchemy? View the Update Tutorial and Release Notes Crowd-funded open-source software To help us develop this template and software sustainably under the MIT license, we ask all individuals and businesses that use it to help support its ongoing maintenance and development via sponsorship.\n❤️ Click here to become a sponsor and help support Wowchemy’s future ❤️ As a token of appreciation for sponsoring, you can unlock these awesome rewards and extra features 🦄✨\nEcosystem Hugo Academic CLI: Automatically import publications from BibTeX Inspiration Check out the latest demo of what you’ll get in less than 10 minutes, or view the showcase of personal, project, and business sites.\nFeatures Page builder - Create anything with widgets and elements Edit any type of content - Blog posts, publications, talks, slides, projects, and more! Create content in Markdown, Jupyter, or RStudio Plugin System - Fully customizable color and font themes Display Code and Math - Code highlighting and LaTeX math supported Integrations - Google Analytics, Disqus commenting, Maps, Contact Forms, and more! Beautiful Site - Simple and refreshing one page design Industry-Leading SEO - Help get your website found on search engines and social media Media Galleries - Display your images and videos with captions in a customizable gallery Mobile Friendly - Look amazing on every screen with a mobile friendly version of your site Multi-language - 34+ language packs including English, 中文, and Português Multi-user - Each author gets their own profile page Privacy Pack - Assists with GDPR Stand Out - Bring your site to life with animation, parallax backgrounds, and scroll effects One-Click Deployment - No servers. No databases. Only files. Themes Wowchemy and its templates come with automatic day (light) and night (dark) mode built-in. Alternatively, visitors can choose their preferred mode - click the moon icon in the top right of the Demo to see it in action! Day/night mode can also be disabled by the site admin in params.toml.\nChoose a stunning theme and font for your site. Themes are fully customizable.\nLicense Copyright 2016-present George Cushen.\nReleased under the MIT license.\n","date":1607817600,"expirydate":-62135596800,"kind":"page","lang":"en","lastmod":1607817600,"objectID":"279b9966ca9cf3121ce924dca452bb1c","permalink":"https://davider95.netlify.app/post/getting-started/","publishdate":"2020-12-13T00:00:00Z","relpermalink":"/post/getting-started/","section":"post","summary":"Welcome 👋 We know that first impressions are important, so we've populated your new site with some initial content to help you get familiar with everything in no time.","tags":["Academic","开源"],"title":"Welcome to Wowchemy, the website builder for Hugo","type":"post"},{"authors":["Davide Rucci"],"categories":null,"content":"","date":1602201600,"expirydate":-62135596800,"kind":"page","lang":"en","lastmod":1602201600,"objectID":"8567874ca6b4810035227cb46a9dc722","permalink":"https://davider95.netlify.app/publication/master-thesis/","publishdate":"2023-01-01T00:00:00Z","relpermalink":"/publication/master-thesis/","section":"publication","summary":"In undirected graphs, a clique is a subset of its vertices which are all pairwise connected. The problem of detecting all cliques of a graph has received extensive study due to its various fields of applications, ranging from detecting social communities, through the development of integrated circuits, to extracting information from protein interactions and even detecting communities of dolphins in the ocean. The clique problem is also of relevant interest from the theoretical point of view, since it is one of the first 21 problems to be classified as NP-Complete by Karp in 1972. For these reasons many different strategies were adopted throughout the years to solve it as fast as possible, including heuristics and approximation algorithms. The version of the clique problem that we attack in this thesis is the enumerative one, as we want to list and count every inclusion-maximal clique found in large graphs. Nowadays graphs are used to formalize a huge variety of contexts and their size is growing at a fast pace, thus the need to design faster algorithms that are capable to process them in a reasonable amount of time. One of the first algorithms able to enumerate all maximal cliques of a graph was that by Bron and Kerbosch, a recursive backtracking algorithm which performs a depth first visit of the search tree that it explores, adding one vertex at a time to the clique being formed. While the authors gave no time bounds for their algorithm, it has later been proven that with a particular strategy for pruning, it achieves O(3^(|V|/3)) time, which is worst-case optimal. More recently Eppstein et al. proposed a further enhancement on this algorithm, making it fixed-parameter tractable and very fast in practice by exploiting a particular ordering of the vertices. The goal of this thesis is to specialize the version of the algorithm by Eppstein et al. to find cliques of at least k vertices, motivated by the fact that larger cliques often carry more significant information about communities rather than the small ones. We design new fast methods to further reduce the number of recursive calls made by the algorithm, practically expanding the pool of affordable graphs to process. We plug our strategy into the existing implementation of the algorithm by D. Strash and we do extensive testing both on real and randomly generated datasets with different properties to show its practical efficiency with respect to Eppstein's starting algorithm, and how this relates to the structure of the graphs.","tags":[],"title":"Listing Large Cliques in Real-World Graphs","type":"publication"},{"authors":null,"categories":null,"content":"Wowchemy is designed to give technical content creators a seamless experience. You can focus on the content and Wowchemy handles the rest.\nHighlight your code snippets, take notes on math classes, and draw diagrams from textual representation.\nOn this page, you’ll find some examples of the types of technical content that can be rendered with Wowchemy.\nExamples Code Wowchemy supports a Markdown extension for highlighting code syntax. You can customize the styles under the syntax_highlighter option in your config/_default/params.yaml file.\n```python import pandas as pd data = pd.read_csv(\u0026#34;data.csv\u0026#34;) data.head() ``` renders as\nimport pandas as pd data = pd.read_csv(\u0026#34;data.csv\u0026#34;) data.head() Mindmaps Wowchemy supports a Markdown extension for mindmaps.\nSimply insert a Markdown markmap code block and optionally set the height of the mindmap as shown in the example below.\nA simple mindmap defined as a Markdown list:\n```markmap {height=\u0026#34;200px\u0026#34;} - Hugo Modules - wowchemy - wowchemy-plugins-netlify - wowchemy-plugins-netlify-cms - wowchemy-plugins-reveal ``` renders as\n- Hugo Modules - wowchemy - wowchemy-plugins-netlify - wowchemy-plugins-netlify-cms - wowchemy-plugins-reveal A more advanced mindmap with formatting, code blocks, and math:\n```markmap - Mindmaps - Links - [Wowchemy Docs](https://wowchemy.com/docs/) - [Discord Community](https://discord.gg/z8wNYzb) - [GitHub](https://github.com/wowchemy/wowchemy-hugo-themes) - Features - Markdown formatting - **inline** ~~text~~ *styles* - multiline text - `inline code` - ```js console.log(\u0026#39;hello\u0026#39;); console.log(\u0026#39;code block\u0026#39;); ``` - Math: $x = {-b \\pm \\sqrt{b^2-4ac} \\over 2a}$ ``` renders as\n- Mindmaps - Links - [Wowchemy Docs](https://wowchemy.com/docs/) - [Discord Community](https://discord.gg/z8wNYzb) - [GitHub](https://github.com/wowchemy/wowchemy-hugo-themes) - Features - Markdown formatting - **inline** ~~text~~ *styles* - multiline text - `inline code` - ```js console.log(\u0026#39;hello\u0026#39;); console.log(\u0026#39;code block\u0026#39;); ``` - Math: $x = {-b \\pm \\sqrt{b^2-4ac} \\over 2a}$ Charts Wowchemy supports the popular Plotly format for interactive charts.\nSave your Plotly JSON in your page folder, for example line-chart.json, and then add the {{\u0026lt; chart data=\u0026#34;line-chart\u0026#34; \u0026gt;}} shortcode where you would like the chart to appear.\nDemo:\nYou might also find the Plotly JSON Editor useful.\nMath Wowchemy supports a Markdown extension for $\\LaTeX$ math. You can enable this feature by toggling the math option in your config/_default/params.yaml file.\nTo render inline or block math, wrap your LaTeX math with {{\u0026lt; math \u0026gt;}}$...${{\u0026lt; /math \u0026gt;}} or {{\u0026lt; math \u0026gt;}}$$...$${{\u0026lt; /math \u0026gt;}}, respectively. (We wrap the LaTeX math in the Wowchemy math shortcode to prevent Hugo rendering our math as Markdown. The math shortcode is new in v5.5-dev.)\nExample math block:\n{{\u0026lt; math \u0026gt;}} $$ \\gamma_{n} = \\frac{ \\left | \\left (\\mathbf x_{n} - \\mathbf x_{n-1} \\right )^T \\left [\\nabla F (\\mathbf x_{n}) - \\nabla F (\\mathbf x_{n-1}) \\right ] \\right |}{\\left \\|\\nabla F(\\mathbf{x}_{n}) - \\nabla F(\\mathbf{x}_{n-1}) \\right \\|^2} $$ {{\u0026lt; /math \u0026gt;}} renders as\n$$\\gamma_{n} = \\frac{ \\left | \\left (\\mathbf x_{n} - \\mathbf x_{n-1} \\right )^T \\left [\\nabla F (\\mathbf x_{n}) - \\nabla F (\\mathbf x_{n-1}) \\right ] \\right |}{\\left \\|\\nabla F(\\mathbf{x}_{n}) - \\nabla F(\\mathbf{x}_{n-1}) \\right \\|^2}$$ Example inline math {{\u0026lt; math \u0026gt;}}$\\nabla F(\\mathbf{x}_{n})${{\u0026lt; /math \u0026gt;}} renders as $\\nabla F(\\mathbf{x}_{n})$.\nExample multi-line math using the math linebreak (\\\\):\n{{\u0026lt; math \u0026gt;}} $$f(k;p_{0}^{*}) = \\begin{cases}p_{0}^{*} \u0026amp; \\text{if }k=1, \\\\ 1-p_{0}^{*} \u0026amp; \\text{if }k=0.\\end{cases}$$ {{\u0026lt; /math \u0026gt;}} renders as\n$$ f(k;p_{0}^{*}) = \\begin{cases}p_{0}^{*} \u0026amp; \\text{if }k=1, \\\\ 1-p_{0}^{*} \u0026amp; \\text{if }k=0.\\end{cases} $$ Diagrams Wowchemy supports a Markdown extension for diagrams. You can enable this feature by toggling the diagram option in your config/_default/params.toml file or by adding diagram: true to your page front matter.\nAn example flowchart:\n```mermaid graph TD A[Hard] --\u0026gt;|Text| B(Round) B --\u0026gt; C{Decision} C --\u0026gt;|One| D[Result 1] C --\u0026gt;|Two| E[Result 2] ``` renders as\ngraph TD A[Hard] --\u0026gt;|Text| B(Round) B --\u0026gt; C{Decision} C --\u0026gt;|One| D[Result 1] C --\u0026gt;|Two| E[Result 2] An example sequence diagram:\n```mermaid sequenceDiagram Alice-\u0026gt;\u0026gt;John: Hello John, how are you? loop Healthcheck John-\u0026gt;\u0026gt;John: Fight against hypochondria end Note right of John: Rational thoughts! John--\u0026gt;\u0026gt;Alice: Great! John-\u0026gt;\u0026gt;Bob: How about you? Bob--\u0026gt;\u0026gt;John: Jolly good! ``` renders as\nsequenceDiagram Alice-\u0026gt;\u0026gt;John: Hello John, how are you? loop Healthcheck John-\u0026gt;\u0026gt;John: Fight against hypochondria end Note right of John: Rational thoughts! John--\u0026gt;\u0026gt;Alice: Great! John-\u0026gt;\u0026gt;Bob: How about you? Bob--\u0026gt;\u0026gt;John: Jolly good! An example Gantt diagram:\n```mermaid gantt section Section Completed :done, des1, 2014-01-06,2014-01-08 Active :active, des2, 2014-01-07, 3d Parallel 1 : des3, after des1, 1d Parallel 2 : des4, after des1, 1d Parallel 3 : des5, after des3, 1d Parallel 4 : des6, after des4, 1d ``` renders …","date":1562889600,"expirydate":-62135596800,"kind":"page","lang":"en","lastmod":1562889600,"objectID":"07e02bccc368a192a0c76c44918396c3","permalink":"https://davider95.netlify.app/post/writing-technical-content/","publishdate":"2019-07-12T00:00:00Z","relpermalink":"/post/writing-technical-content/","section":"post","summary":"Wowchemy is designed to give technical content creators a seamless experience. You can focus on the content and Wowchemy handles the rest.\nHighlight your code snippets, take notes on math classes, and draw diagrams from textual representation.","tags":null,"title":"Writing technical content in Markdown","type":"post"},{"authors":["Anna Bernasconi","Fabrizio Luccio","Linda Pagli","Davide Rucci"],"categories":null,"content":"","date":1562630400,"expirydate":-62135596800,"kind":"page","lang":"en","lastmod":1562630400,"objectID":"73ec91d59786aaa75eb8bd1c75af0d8c","permalink":"https://davider95.netlify.app/publication/boolean-switching-thesis/","publishdate":"2023-01-01T00:00:00Z","relpermalink":"/publication/boolean-switching-thesis/","section":"publication","summary":"Switching lattices are two-dimensional arrays of four-terminal switches proposed in a seminal paper by Akers in 1972 to implement Boolean functions. Recently, with the advent of a variety of emerging nanoscale technologies based on regular arrays of switches, synthesis methods targeting lattices of multi-terminal switches have found a renewed interest. In this paper we discuss two different combinatorial problems related to the assignment of input literals to switches in a lattice when multiple choices are possible at some switch. We propose and develop efficient heuristic algorithms for both problems and discuss the implication of the different solutions on the layout of switching lattices. Experimental results on a set of known benchmarks confirm the effectiveness of the proposed heuristics.","tags":[],"title":"Literal Selection in Switching Lattice Design","type":"publication"},{"authors":["Davide Rucci"],"categories":[],"content":"from IPython.core.display import Image Image(\u0026#39;https://www.python.org/static/community_logos/python-logo-master-v3-TM-flattened.png\u0026#39;) print(\u0026#34;Welcome to Academic!\u0026#34;) Welcome to Academic! Install Python and JupyterLab Install Anaconda which includes Python 3 and JupyterLab.\nAlternatively, install JupyterLab with pip3 install jupyterlab.\nCreate or upload a Jupyter notebook Run the following commands in your Terminal, substituting \u0026lt;MY-WEBSITE-FOLDER\u0026gt; and \u0026lt;SHORT-POST-TITLE\u0026gt; with the file path to your Academic website folder and a short title for your blog post (use hyphens instead of spaces), respectively:\nmkdir -p \u0026lt;MY-WEBSITE-FOLDER\u0026gt;/content/post/\u0026lt;SHORT-POST-TITLE\u0026gt;/ cd \u0026lt;MY-WEBSITE-FOLDER\u0026gt;/content/post/\u0026lt;SHORT-POST-TITLE\u0026gt;/ jupyter lab index.ipynb The jupyter command above will launch the JupyterLab editor, allowing us to add Academic metadata and write the content.\nEdit your post metadata The first cell of your Jupter notebook will contain your post metadata (front matter).\nIn Jupter, choose Markdown as the type of the first cell and wrap your Academic metadata in three dashes, indicating that it is YAML front matter:\n--- title: My post\u0026#39;s title date: 2019-09-01 # Put any other Academic metadata here... --- Edit the metadata of your post, using the documentation as a guide to the available options.\nTo set a featured image, place an image named featured into your post’s folder.\nFor other tips, such as using math, see the guide on writing content with Academic.\nConvert notebook to Markdown jupyter nbconvert index.ipynb --to markdown --NbConvertApp.output_files_dir=. Example This post was created with Jupyter. The orginal files can be found at https://github.com/gcushen/hugo-academic/tree/master/exampleSite/content/post/jupyter\n","date":1549324800,"expirydate":-62135596800,"kind":"page","lang":"en","lastmod":1567641600,"objectID":"6e929dc84ed3ef80467b02e64cd2ed64","permalink":"https://davider95.netlify.app/post/jupyter/","publishdate":"2019-02-05T00:00:00Z","relpermalink":"/post/jupyter/","section":"post","summary":"Learn how to blog in Academic using Jupyter notebooks","tags":[],"title":"Display Jupyter Notebooks with Academic","type":"post"},{"authors":[],"categories":[],"content":"Create slides in Markdown with Wowchemy Wowchemy | Documentation\nFeatures Efficiently write slides in Markdown 3-in-1: Create, Present, and Publish your slides Supports speaker notes Mobile friendly slides Controls Next: Right Arrow or Space Previous: Left Arrow Start: Home Finish: End Overview: Esc Speaker notes: S Fullscreen: F Zoom: Alt + Click PDF Export Code Highlighting Inline code: variable\nCode block:\nporridge = \u0026#34;blueberry\u0026#34; if porridge == \u0026#34;blueberry\u0026#34;: print(\u0026#34;Eating...\u0026#34;) Math In-line math: $x + y = z$\nBlock math:\n$$ f\\left( x \\right) = ;\\frac{{2\\left( {x + 4} \\right)\\left( {x - 4} \\right)}}{{\\left( {x + 4} \\right)\\left( {x + 1} \\right)}} $$\nFragments Make content appear incrementally\n{{% fragment %}} One {{% /fragment %}} {{% fragment %}} **Two** {{% /fragment %}} {{% fragment %}} Three {{% /fragment %}} Press Space to play!\nOne Two Three A fragment can accept two optional parameters:\nclass: use a custom style (requires definition in custom CSS) weight: sets the order in which a fragment appears Speaker Notes Add speaker notes to your presentation\n{{% speaker_note %}} - Only the speaker can read these notes - Press `S` key to view {{% /speaker_note %}} Press the S key to view the speaker notes!\nOnly the speaker can read these notes Press S key to view Themes black: Black background, white text, blue links (default) white: White background, black text, blue links league: Gray background, white text, blue links beige: Beige background, dark text, brown links sky: Blue background, thin dark text, blue links night: Black background, thick white text, orange links serif: Cappuccino background, gray text, brown links simple: White background, black text, blue links solarized: Cream-colored background, dark green text, blue links Custom Slide Customize the slide style and background\n{{\u0026lt; slide background-image=\u0026#34;/media/boards.jpg\u0026#34; \u0026gt;}} {{\u0026lt; slide background-color=\u0026#34;#0000FF\u0026#34; \u0026gt;}} {{\u0026lt; slide class=\u0026#34;my-style\u0026#34; \u0026gt;}} Custom CSS Example Let’s make headers navy colored.\nCreate assets/css/reveal_custom.css with:\n.reveal section h1, .reveal section h2, .reveal section h3 { color: navy; } Questions? Ask\nDocumentation\n","date":1549324800,"expirydate":-62135596800,"kind":"page","lang":"en","lastmod":1549324800,"objectID":"0e6de1a61aa83269ff13324f3167c1a9","permalink":"https://davider95.netlify.app/slides/example/","publishdate":"2019-02-05T00:00:00Z","relpermalink":"/slides/example/","section":"slides","summary":"An introduction to using Wowchemy's Slides feature.","tags":[],"title":"Slides","type":"slides"},{"authors":["Davide Rucci"],"categories":null,"content":"","date":1507334400,"expirydate":-62135596800,"kind":"page","lang":"en","lastmod":1507334400,"objectID":"bb1a6c8503b045bd10aa94aedad017b6","permalink":"https://davider95.netlify.app/publication/bachelor-thesis/","publishdate":"2023-01-01T00:00:00Z","relpermalink":"/publication/bachelor-thesis/","section":"publication","summary":"Switching lattices are two-dimensional arrays of four-terminal switches proposed in a seminal paper by Akers in 1972 to implement Boolean functions. Recently, with the advent of a variety of emerging nanoscale technologies based on regular arrays of switches, synthesis methods targeting lattices of multi-terminal switches have found a renewed interest. In this paper we discuss two different combinatorial problems related to the assignment of input literals to switches in a lattice when multiple choices are possible at some switch. We propose and develop efficient heuristic algorithms for both problems and discuss the implication of the different solutions on the layout of switching lattices. Experimental results on a set of known benchmarks confirm the effectiveness of the proposed heuristics.","tags":[],"title":"The Minimal Representative Selection Problem: Applications, Optimal Algorithms and Efficient Heuristics","type":"publication"},{"authors":null,"categories":null,"content":"Lorem ipsum dolor sit amet, consectetur adipiscing elit. Duis posuere tellus ac convallis placerat. Proin tincidunt magna sed ex sollicitudin condimentum. Sed ac faucibus dolor, scelerisque sollicitudin nisi. Cras purus urna, suscipit quis sapien eu, pulvinar tempor diam. Quisque risus orci, mollis id ante sit amet, gravida egestas nisl. Sed ac tempus magna. Proin in dui enim. Donec condimentum, sem id dapibus fringilla, tellus enim condimentum arcu, nec volutpat est felis vel metus. Vestibulum sit amet erat at nulla eleifend gravida.\nNullam vel molestie justo. Curabitur vitae efficitur leo. In hac habitasse platea dictumst. Sed pulvinar mauris dui, eget varius purus congue ac. Nulla euismod, lorem vel elementum dapibus, nunc justo porta mi, sed tempus est est vel tellus. Nam et enim eleifend, laoreet sem sit amet, elementum sem. Morbi ut leo congue, maximus velit ut, finibus arcu. In et libero cursus, rutrum risus non, molestie leo. Nullam congue quam et volutpat malesuada. Sed risus tortor, pulvinar et dictum nec, sodales non mi. Phasellus lacinia commodo laoreet. Nam mollis, erat in feugiat consectetur, purus eros egestas tellus, in auctor urna odio at nibh. Mauris imperdiet nisi ac magna convallis, at rhoncus ligula cursus.\nCras aliquam rhoncus ipsum, in hendrerit nunc mattis vitae. Duis vitae efficitur metus, ac tempus leo. Cras nec fringilla lacus. Quisque sit amet risus at ipsum pharetra commodo. Sed aliquam mauris at consequat eleifend. Praesent porta, augue sed viverra bibendum, neque ante euismod ante, in vehicula justo lorem ac eros. Suspendisse augue libero, venenatis eget tincidunt ut, malesuada at lorem. Donec vitae bibendum arcu. Aenean maximus nulla non pretium iaculis. Quisque imperdiet, nulla in pulvinar aliquet, velit quam ultrices quam, sit amet fringilla leo sem vel nunc. Mauris in lacinia lacus.\nSuspendisse a tincidunt lacus. Curabitur at urna sagittis, dictum ante sit amet, euismod magna. Sed rutrum massa id tortor commodo, vitae elementum turpis tempus. Lorem ipsum dolor sit amet, consectetur adipiscing elit. Aenean purus turpis, venenatis a ullamcorper nec, tincidunt et massa. Integer posuere quam rutrum arcu vehicula imperdiet. Mauris ullamcorper quam vitae purus congue, quis euismod magna eleifend. Vestibulum semper vel augue eget tincidunt. Fusce eget justo sodales, dapibus odio eu, ultrices lorem. Duis condimentum lorem id eros commodo, in facilisis mauris scelerisque. Morbi sed auctor leo. Nullam volutpat a lacus quis pharetra. Nulla congue rutrum magna a ornare.\nAliquam in turpis accumsan, malesuada nibh ut, hendrerit justo. Cum sociis natoque penatibus et magnis dis parturient montes, nascetur ridiculus mus. Quisque sed erat nec justo posuere suscipit. Donec ut efficitur arcu, in malesuada neque. Nunc dignissim nisl massa, id vulputate nunc pretium nec. Quisque eget urna in risus suscipit ultricies. Pellentesque odio odio, tincidunt in eleifend sed, posuere a diam. Nam gravida nisl convallis semper elementum. Morbi vitae felis faucibus, vulputate orci placerat, aliquet nisi. Aliquam erat volutpat. Maecenas sagittis pulvinar purus, sed porta quam laoreet at.\n","date":1461715200,"expirydate":-62135596800,"kind":"page","lang":"en","lastmod":1461715200,"objectID":"e8f8d235e8e7f2efd912bfe865363fc3","permalink":"https://davider95.netlify.app/project/example/","publishdate":"2016-04-27T00:00:00Z","relpermalink":"/project/example/","section":"project","summary":"An example of using the in-built project page.","tags":["Deep Learning"],"title":"Example Project","type":"project"},{"authors":null,"categories":null,"content":"","date":1461715200,"expirydate":-62135596800,"kind":"page","lang":"en","lastmod":1461715200,"objectID":"d1311ddf745551c9e117aa4bb7e28516","permalink":"https://davider95.netlify.app/project/external-project/","publishdate":"2016-04-27T00:00:00Z","relpermalink":"/project/external-project/","section":"project","summary":"An example of linking directly to an external project website using `external_link`.","tags":["Demo"],"title":"External Project","type":"project"}]