<?xml version="1.0" encoding="utf-8" standalone="yes" ?>
<rss version="2.0" xmlns:atom="http://www.w3.org/2005/Atom">
  <channel>
    <title>7 | Davide Rucci – PhD</title>
    <link>https://davider95.netlify.app/publication-type/7/</link>
      <atom:link href="https://davider95.netlify.app/publication-type/7/index.xml" rel="self" type="application/rss+xml" />
    <description>7</description>
    <generator>Wowchemy (https://wowchemy.com)</generator><language>en-us</language><lastBuildDate>Fri, 09 Oct 2020 00:00:00 +0000</lastBuildDate>
    <image>
      <url>https://davider95.netlify.app/media/icon_hu0b7a4cb9992c9ac0e91bd28ffd38dd00_9727_512x512_fill_lanczos_center_3.png</url>
      <title>7</title>
      <link>https://davider95.netlify.app/publication-type/7/</link>
    </image>
    
    <item>
      <title>Listing Large Cliques in Real-World Graphs</title>
      <link>https://davider95.netlify.app/publication/master-thesis/</link>
      <pubDate>Fri, 09 Oct 2020 00:00:00 +0000</pubDate>
      <guid>https://davider95.netlify.app/publication/master-thesis/</guid>
      <description></description>
    </item>
    
    <item>
      <title>The Minimal Representative Selection Problem: Applications, Optimal Algorithms and Efficient Heuristics</title>
      <link>https://davider95.netlify.app/publication/bachelor-thesis/</link>
      <pubDate>Sat, 07 Oct 2017 00:00:00 +0000</pubDate>
      <guid>https://davider95.netlify.app/publication/bachelor-thesis/</guid>
      <description></description>
    </item>
    
  </channel>
</rss>
