<?xml version="1.0" encoding="utf-8" standalone="yes" ?>
<rss version="2.0" xmlns:atom="http://www.w3.org/2005/Atom">
  <channel>
    <title>Posts | Davide Rucci – PhD</title>
    <link>https://davider95.netlify.app/post/</link>
      <atom:link href="https://davider95.netlify.app/post/index.xml" rel="self" type="application/rss+xml" />
    <description>Posts</description>
    <generator>Wowchemy (https://wowchemy.com)</generator><language>en-us</language><lastBuildDate>Sun, 13 Dec 2020 00:00:00 +0000</lastBuildDate>
    <image>
      <url>https://davider95.netlify.app/media/icon_hu0b7a4cb9992c9ac0e91bd28ffd38dd00_9727_512x512_fill_lanczos_center_3.png</url>
      <title>Posts</title>
      <link>https://davider95.netlify.app/post/</link>
    </image>
    
    <item>
      <title>Welcome to Wowchemy, the website builder for Hugo</title>
      <link>https://davider95.netlify.app/post/getting-started/</link>
      <pubDate>Sun, 13 Dec 2020 00:00:00 +0000</pubDate>
      <guid>https://davider95.netlify.app/post/getting-started/</guid>
      <description>&lt;div class=&#34;highlight&#34;&gt;&lt;pre tabindex=&#34;0&#34; class=&#34;chroma&#34;&gt;&lt;code class=&#34;language-python&#34; data-lang=&#34;python&#34;&gt;&lt;span class=&#34;line&#34;&gt;&lt;span class=&#34;cl&#34;&gt;&lt;span class=&#34;kn&#34;&gt;import&lt;/span&gt; &lt;span class=&#34;nn&#34;&gt;libr&lt;/span&gt;
&lt;/span&gt;&lt;/span&gt;&lt;span class=&#34;line&#34;&gt;&lt;span class=&#34;cl&#34;&gt;&lt;span class=&#34;nb&#34;&gt;print&lt;/span&gt;&lt;span class=&#34;p&#34;&gt;(&lt;/span&gt;&lt;span class=&#34;s1&#34;&gt;&amp;#39;hello&amp;#39;&lt;/span&gt;&lt;span class=&#34;p&#34;&gt;)&lt;/span&gt;
&lt;/span&gt;&lt;/span&gt;&lt;/code&gt;&lt;/pre&gt;&lt;/div&gt;&lt;h2 id=&#34;overview&#34;&gt;Overview&lt;/h2&gt;
&lt;ol&gt;
&lt;li&gt;The Wowchemy website builder for Hugo, along with its starter templates, is designed for professional creators, educators, and teams/organizations - although it can be used to create any kind of site&lt;/li&gt;
&lt;li&gt;The template can be modified and customised to suit your needs. It&amp;rsquo;s a good platform for anyone looking to take control of their data and online identity whilst having the convenience to start off with a &lt;strong&gt;no-code solution (write in Markdown and customize with YAML parameters)&lt;/strong&gt; and having &lt;strong&gt;flexibility to later add even deeper personalization with HTML and CSS&lt;/strong&gt;&lt;/li&gt;
&lt;li&gt;You can work with all your favourite tools and apps with hundreds of plugins and integrations to speed up your workflows, interact with your readers, and much more&lt;/li&gt;
&lt;/ol&gt;
&lt;p&gt;&lt;a href=&#34;https://wowchemy.com&#34; target=&#34;_blank&#34; rel=&#34;noopener&#34;&gt;















&lt;figure  &gt;
  &lt;div class=&#34;d-flex justify-content-center&#34;&gt;
    &lt;div class=&#34;w-100&#34; &gt;&lt;img src=&#34;https://raw.githubusercontent.com/wowchemy/wowchemy-hugo-modules/main/starters/academic/preview.png&#34; alt=&#34;The template is mobile first with a responsive design to ensure that your site looks stunning on every device.&#34; loading=&#34;lazy&#34; data-zoomable /&gt;&lt;/div&gt;
  &lt;/div&gt;&lt;/figure&gt;
&lt;/a&gt;&lt;/p&gt;
&lt;h2 id=&#34;get-started&#34;&gt;Get Started&lt;/h2&gt;
&lt;ul&gt;
&lt;li&gt;👉 &lt;a href=&#34;https://wowchemy.com/templates/&#34; target=&#34;_blank&#34; rel=&#34;noopener&#34;&gt;&lt;strong&gt;Create a new site&lt;/strong&gt;&lt;/a&gt;&lt;/li&gt;
&lt;li&gt;📚 &lt;a href=&#34;https://wowchemy.com/docs/&#34; target=&#34;_blank&#34; rel=&#34;noopener&#34;&gt;&lt;strong&gt;Personalize your site&lt;/strong&gt;&lt;/a&gt;&lt;/li&gt;
&lt;li&gt;💬 &lt;a href=&#34;https://discord.gg/z8wNYzb&#34; target=&#34;_blank&#34; rel=&#34;noopener&#34;&gt;Chat with the &lt;strong&gt;Wowchemy community&lt;/strong&gt;&lt;/a&gt; or &lt;a href=&#34;https://discourse.gohugo.io&#34; target=&#34;_blank&#34; rel=&#34;noopener&#34;&gt;&lt;strong&gt;Hugo community&lt;/strong&gt;&lt;/a&gt;&lt;/li&gt;
&lt;li&gt;🐦 Twitter: &lt;a href=&#34;https://twitter.com/wowchemy&#34; target=&#34;_blank&#34; rel=&#34;noopener&#34;&gt;@wowchemy&lt;/a&gt; &lt;a href=&#34;https://twitter.com/GeorgeCushen&#34; target=&#34;_blank&#34; rel=&#34;noopener&#34;&gt;@GeorgeCushen&lt;/a&gt; &lt;a href=&#34;https://twitter.com/search?q=%23MadeWithWowchemy&amp;amp;src=typed_query&#34; target=&#34;_blank&#34; rel=&#34;noopener&#34;&gt;#MadeWithWowchemy&lt;/a&gt;&lt;/li&gt;
&lt;li&gt;💡 &lt;a href=&#34;https://github.com/wowchemy/wowchemy-hugo-themes/issues&#34; target=&#34;_blank&#34; rel=&#34;noopener&#34;&gt;Request a &lt;strong&gt;feature&lt;/strong&gt; or report a &lt;strong&gt;bug&lt;/strong&gt; for &lt;em&gt;Wowchemy&lt;/em&gt;&lt;/a&gt;&lt;/li&gt;
&lt;li&gt;⬆️ &lt;strong&gt;Updating Wowchemy?&lt;/strong&gt; View the &lt;a href=&#34;https://wowchemy.com/docs/hugo-tutorials/update/&#34; target=&#34;_blank&#34; rel=&#34;noopener&#34;&gt;Update Tutorial&lt;/a&gt; and &lt;a href=&#34;https://wowchemy.com/updates/&#34; target=&#34;_blank&#34; rel=&#34;noopener&#34;&gt;Release Notes&lt;/a&gt;&lt;/li&gt;
&lt;/ul&gt;
&lt;h2 id=&#34;crowd-funded-open-source-software&#34;&gt;Crowd-funded open-source software&lt;/h2&gt;
&lt;p&gt;To help us develop this template and software sustainably under the MIT license, we ask all individuals and businesses that use it to help support its ongoing maintenance and development via sponsorship.&lt;/p&gt;
&lt;h3 id=&#34;-click-here-to-become-a-sponsor-and-help-support-wowchemys-future-httpswowchemycomsponsor&#34;&gt;&lt;a href=&#34;https://wowchemy.com/sponsor/&#34; target=&#34;_blank&#34; rel=&#34;noopener&#34;&gt;❤️ Click here to become a sponsor and help support Wowchemy&amp;rsquo;s future ❤️&lt;/a&gt;&lt;/h3&gt;
&lt;p&gt;As a token of appreciation for sponsoring, you can &lt;strong&gt;unlock &lt;a href=&#34;https://wowchemy.com/sponsor/&#34; target=&#34;_blank&#34; rel=&#34;noopener&#34;&gt;these&lt;/a&gt; awesome rewards and extra features 🦄✨&lt;/strong&gt;&lt;/p&gt;
&lt;h2 id=&#34;ecosystem&#34;&gt;Ecosystem&lt;/h2&gt;
&lt;ul&gt;
&lt;li&gt;&lt;strong&gt;&lt;a href=&#34;https://github.com/wowchemy/hugo-academic-cli&#34; target=&#34;_blank&#34; rel=&#34;noopener&#34;&gt;Hugo Academic CLI&lt;/a&gt;:&lt;/strong&gt; Automatically import publications from BibTeX&lt;/li&gt;
&lt;/ul&gt;
&lt;h2 id=&#34;inspiration&#34;&gt;Inspiration&lt;/h2&gt;
&lt;p&gt;&lt;a href=&#34;https://academic-demo.netlify.com/&#34; target=&#34;_blank&#34; rel=&#34;noopener&#34;&gt;Check out the latest &lt;strong&gt;demo&lt;/strong&gt;&lt;/a&gt; of what you&amp;rsquo;ll get in less than 10 minutes, or &lt;a href=&#34;https://wowchemy.com/user-stories/&#34; target=&#34;_blank&#34; rel=&#34;noopener&#34;&gt;view the &lt;strong&gt;showcase&lt;/strong&gt;&lt;/a&gt; of personal, project, and business sites.&lt;/p&gt;
&lt;h2 id=&#34;features&#34;&gt;Features&lt;/h2&gt;
&lt;ul&gt;
&lt;li&gt;&lt;strong&gt;Page builder&lt;/strong&gt; - Create &lt;em&gt;anything&lt;/em&gt; with &lt;a href=&#34;https://wowchemy.com/docs/page-builder/&#34; target=&#34;_blank&#34; rel=&#34;noopener&#34;&gt;&lt;strong&gt;widgets&lt;/strong&gt;&lt;/a&gt; and &lt;a href=&#34;https://wowchemy.com/docs/content/writing-markdown-latex/&#34; target=&#34;_blank&#34; rel=&#34;noopener&#34;&gt;&lt;strong&gt;elements&lt;/strong&gt;&lt;/a&gt;&lt;/li&gt;
&lt;li&gt;&lt;strong&gt;Edit any type of content&lt;/strong&gt; - Blog posts, publications, talks, slides, projects, and more!&lt;/li&gt;
&lt;li&gt;&lt;strong&gt;Create content&lt;/strong&gt; in &lt;a href=&#34;https://wowchemy.com/docs/content/writing-markdown-latex/&#34; target=&#34;_blank&#34; rel=&#34;noopener&#34;&gt;&lt;strong&gt;Markdown&lt;/strong&gt;&lt;/a&gt;, &lt;a href=&#34;https://wowchemy.com/docs/import/jupyter/&#34; target=&#34;_blank&#34; rel=&#34;noopener&#34;&gt;&lt;strong&gt;Jupyter&lt;/strong&gt;&lt;/a&gt;, or &lt;a href=&#34;https://wowchemy.com/docs/install-locally/&#34; target=&#34;_blank&#34; rel=&#34;noopener&#34;&gt;&lt;strong&gt;RStudio&lt;/strong&gt;&lt;/a&gt;&lt;/li&gt;
&lt;li&gt;&lt;strong&gt;Plugin System&lt;/strong&gt; - Fully customizable &lt;a href=&#34;https://wowchemy.com/docs/customization/&#34; target=&#34;_blank&#34; rel=&#34;noopener&#34;&gt;&lt;strong&gt;color&lt;/strong&gt; and &lt;strong&gt;font themes&lt;/strong&gt;&lt;/a&gt;&lt;/li&gt;
&lt;li&gt;&lt;strong&gt;Display Code and Math&lt;/strong&gt; - Code highlighting and &lt;a href=&#34;https://en.wikibooks.org/wiki/LaTeX/Mathematics&#34; target=&#34;_blank&#34; rel=&#34;noopener&#34;&gt;LaTeX math&lt;/a&gt; supported&lt;/li&gt;
&lt;li&gt;&lt;strong&gt;Integrations&lt;/strong&gt; - &lt;a href=&#34;https://analytics.google.com&#34; target=&#34;_blank&#34; rel=&#34;noopener&#34;&gt;Google Analytics&lt;/a&gt;, &lt;a href=&#34;https://disqus.com&#34; target=&#34;_blank&#34; rel=&#34;noopener&#34;&gt;Disqus commenting&lt;/a&gt;, Maps, Contact Forms, and more!&lt;/li&gt;
&lt;li&gt;&lt;strong&gt;Beautiful Site&lt;/strong&gt; - Simple and refreshing one page design&lt;/li&gt;
&lt;li&gt;&lt;strong&gt;Industry-Leading SEO&lt;/strong&gt; - Help get your website found on search engines and social media&lt;/li&gt;
&lt;li&gt;&lt;strong&gt;Media Galleries&lt;/strong&gt; - Display your images and videos with captions in a customizable gallery&lt;/li&gt;
&lt;li&gt;&lt;strong&gt;Mobile Friendly&lt;/strong&gt; - Look amazing on every screen with a mobile friendly version of your site&lt;/li&gt;
&lt;li&gt;&lt;strong&gt;Multi-language&lt;/strong&gt; - 34+ language packs including English, 中文, and Português&lt;/li&gt;
&lt;li&gt;&lt;strong&gt;Multi-user&lt;/strong&gt; - Each author gets their own profile page&lt;/li&gt;
&lt;li&gt;&lt;strong&gt;Privacy Pack&lt;/strong&gt; - Assists with GDPR&lt;/li&gt;
&lt;li&gt;&lt;strong&gt;Stand Out&lt;/strong&gt; - Bring your site to life with animation, parallax backgrounds, and scroll effects&lt;/li&gt;
&lt;li&gt;&lt;strong&gt;One-Click Deployment&lt;/strong&gt; - No servers. No databases. Only files.&lt;/li&gt;
&lt;/ul&gt;
&lt;h2 id=&#34;themes&#34;&gt;Themes&lt;/h2&gt;
&lt;p&gt;Wowchemy and its templates come with &lt;strong&gt;automatic day (light) and night (dark) mode&lt;/strong&gt; built-in. Alternatively, visitors can choose their preferred mode - click the moon icon in the top right of the &lt;a href=&#34;https://academic-demo.netlify.com/&#34; target=&#34;_blank&#34; rel=&#34;noopener&#34;&gt;Demo&lt;/a&gt; to see it in action! Day/night mode can also be disabled by the site admin in &lt;code&gt;params.toml&lt;/code&gt;.&lt;/p&gt;
&lt;p&gt;&lt;a href=&#34;https://wowchemy.com/docs/customization&#34; target=&#34;_blank&#34; rel=&#34;noopener&#34;&gt;Choose a stunning &lt;strong&gt;theme&lt;/strong&gt; and &lt;strong&gt;font&lt;/strong&gt;&lt;/a&gt; for your site. Themes are fully customizable.&lt;/p&gt;
&lt;h2 id=&#34;license&#34;&gt;License&lt;/h2&gt;
&lt;p&gt;Copyright 2016-present &lt;a href=&#34;https://georgecushen.com&#34; target=&#34;_blank&#34; rel=&#34;noopener&#34;&gt;George Cushen&lt;/a&gt;.&lt;/p&gt;
&lt;p&gt;Released under the &lt;a href=&#34;https://github.com/wowchemy/wowchemy-hugo-themes/blob/master/LICENSE.md&#34; target=&#34;_blank&#34; rel=&#34;noopener&#34;&gt;MIT&lt;/a&gt; license.&lt;/p&gt;
</description>
    </item>
    
    <item>
      <title>Writing technical content in Markdown</title>
      <link>https://davider95.netlify.app/post/writing-technical-content/</link>
      <pubDate>Fri, 12 Jul 2019 00:00:00 +0000</pubDate>
      <guid>https://davider95.netlify.app/post/writing-technical-content/</guid>
      <description>&lt;p&gt;Wowchemy is designed to give technical content creators a seamless experience. You can focus on the content and Wowchemy handles the rest.&lt;/p&gt;
&lt;p&gt;&lt;strong&gt;Highlight your code snippets, take notes on math classes, and draw diagrams from textual representation.&lt;/strong&gt;&lt;/p&gt;
&lt;p&gt;On this page, you&amp;rsquo;ll find some examples of the types of technical content that can be rendered with Wowchemy.&lt;/p&gt;
&lt;h2 id=&#34;examples&#34;&gt;Examples&lt;/h2&gt;
&lt;h3 id=&#34;code&#34;&gt;Code&lt;/h3&gt;
&lt;p&gt;Wowchemy supports a Markdown extension for highlighting code syntax. You can customize the styles under the &lt;code&gt;syntax_highlighter&lt;/code&gt; option in your &lt;code&gt;config/_default/params.yaml&lt;/code&gt; file.&lt;/p&gt;
&lt;pre&gt;&lt;code&gt;```python
import pandas as pd
data = pd.read_csv(&amp;quot;data.csv&amp;quot;)
data.head()
```
&lt;/code&gt;&lt;/pre&gt;
&lt;p&gt;renders as&lt;/p&gt;
&lt;div class=&#34;highlight&#34;&gt;&lt;pre tabindex=&#34;0&#34; class=&#34;chroma&#34;&gt;&lt;code class=&#34;language-python&#34; data-lang=&#34;python&#34;&gt;&lt;span class=&#34;line&#34;&gt;&lt;span class=&#34;cl&#34;&gt;&lt;span class=&#34;kn&#34;&gt;import&lt;/span&gt; &lt;span class=&#34;nn&#34;&gt;pandas&lt;/span&gt; &lt;span class=&#34;k&#34;&gt;as&lt;/span&gt; &lt;span class=&#34;nn&#34;&gt;pd&lt;/span&gt;
&lt;/span&gt;&lt;/span&gt;&lt;span class=&#34;line&#34;&gt;&lt;span class=&#34;cl&#34;&gt;&lt;span class=&#34;n&#34;&gt;data&lt;/span&gt; &lt;span class=&#34;o&#34;&gt;=&lt;/span&gt; &lt;span class=&#34;n&#34;&gt;pd&lt;/span&gt;&lt;span class=&#34;o&#34;&gt;.&lt;/span&gt;&lt;span class=&#34;n&#34;&gt;read_csv&lt;/span&gt;&lt;span class=&#34;p&#34;&gt;(&lt;/span&gt;&lt;span class=&#34;s2&#34;&gt;&amp;#34;data.csv&amp;#34;&lt;/span&gt;&lt;span class=&#34;p&#34;&gt;)&lt;/span&gt;
&lt;/span&gt;&lt;/span&gt;&lt;span class=&#34;line&#34;&gt;&lt;span class=&#34;cl&#34;&gt;&lt;span class=&#34;n&#34;&gt;data&lt;/span&gt;&lt;span class=&#34;o&#34;&gt;.&lt;/span&gt;&lt;span class=&#34;n&#34;&gt;head&lt;/span&gt;&lt;span class=&#34;p&#34;&gt;()&lt;/span&gt;
&lt;/span&gt;&lt;/span&gt;&lt;/code&gt;&lt;/pre&gt;&lt;/div&gt;&lt;h3 id=&#34;mindmaps&#34;&gt;Mindmaps&lt;/h3&gt;
&lt;p&gt;Wowchemy supports a Markdown extension for mindmaps.&lt;/p&gt;
&lt;p&gt;Simply insert a Markdown &lt;code&gt;markmap&lt;/code&gt; code block and optionally set the height of the mindmap as shown in the example below.&lt;/p&gt;
&lt;p&gt;A simple mindmap defined as a Markdown list:&lt;/p&gt;
&lt;div class=&#34;highlight&#34;&gt;
&lt;pre class=&#34;chroma&#34;&gt;
&lt;code&gt;
```markmap {height=&#34;200px&#34;}
- Hugo Modules
  - wowchemy
  - wowchemy-plugins-netlify
  - wowchemy-plugins-netlify-cms
  - wowchemy-plugins-reveal
```
&lt;/code&gt;
&lt;/pre&gt;
&lt;/div&gt;
&lt;p&gt;renders as&lt;/p&gt;
&lt;div class=&#34;markmap&#34; style=&#34;height: 200px;&#34;&gt;

&lt;pre&gt;- Hugo Modules
  - wowchemy
  - wowchemy-plugins-netlify
  - wowchemy-plugins-netlify-cms
  - wowchemy-plugins-reveal&lt;/pre&gt;
&lt;/div&gt;

&lt;p&gt;A more advanced mindmap with formatting, code blocks, and math:&lt;/p&gt;
&lt;div class=&#34;highlight&#34;&gt;
&lt;pre class=&#34;chroma&#34;&gt;
&lt;code&gt;
```markmap
- Mindmaps
  - Links
    - [Wowchemy Docs](https://wowchemy.com/docs/)
    - [Discord Community](https://discord.gg/z8wNYzb)
    - [GitHub](https://github.com/wowchemy/wowchemy-hugo-themes)
  - Features
    - Markdown formatting
    - **inline** ~~text~~ *styles*
    - multiline
      text
    - `inline code`
    -
      ```js
      console.log(&#39;hello&#39;);
      console.log(&#39;code block&#39;);
      ```
    - Math: $x = {-b \pm \sqrt{b^2-4ac} \over 2a}$
```
&lt;/code&gt;
&lt;/pre&gt;
&lt;/div&gt;
&lt;p&gt;renders as&lt;/p&gt;
&lt;div class=&#34;markmap&#34; style=&#34;height: 500px;&#34;&gt;

&lt;pre&gt;- Mindmaps
  - Links
    - [Wowchemy Docs](https://wowchemy.com/docs/)
    - [Discord Community](https://discord.gg/z8wNYzb)
    - [GitHub](https://github.com/wowchemy/wowchemy-hugo-themes)
  - Features
    - Markdown formatting
    - **inline** ~~text~~ *styles*
    - multiline
      text
    - `inline code`
    -
      ```js
      console.log(&#39;hello&#39;);
      console.log(&#39;code block&#39;);
      ```
    - Math: $x = {-b \pm \sqrt{b^2-4ac} \over 2a}$&lt;/pre&gt;
&lt;/div&gt;

&lt;h3 id=&#34;charts&#34;&gt;Charts&lt;/h3&gt;
&lt;p&gt;Wowchemy supports the popular &lt;a href=&#34;https://plot.ly/&#34; target=&#34;_blank&#34; rel=&#34;noopener&#34;&gt;Plotly&lt;/a&gt; format for interactive charts.&lt;/p&gt;
&lt;p&gt;Save your Plotly JSON in your page folder, for example &lt;code&gt;line-chart.json&lt;/code&gt;, and then add the &lt;code&gt;{{&amp;lt; chart data=&amp;quot;line-chart&amp;quot; &amp;gt;}}&lt;/code&gt; shortcode where you would like the chart to appear.&lt;/p&gt;
&lt;p&gt;Demo:&lt;/p&gt;




&lt;div id=&#34;chart-457312689&#34; class=&#34;chart&#34;&gt;&lt;/div&gt;
&lt;script&gt;
  (function() {
    let a = setInterval( function() {
      if ( typeof window.Plotly === &#39;undefined&#39; ) {
        return;
      }
      clearInterval( a );

      Plotly.d3.json(&#34;./line-chart.json&#34;, function(chart) {
        Plotly.plot(&#39;chart-457312689&#39;, chart.data, chart.layout, {responsive: true});
      });
    }, 500 );
  })();
&lt;/script&gt;

&lt;p&gt;You might also find the &lt;a href=&#34;http://plotly-json-editor.getforge.io/&#34; target=&#34;_blank&#34; rel=&#34;noopener&#34;&gt;Plotly JSON Editor&lt;/a&gt; useful.&lt;/p&gt;
&lt;h3 id=&#34;math&#34;&gt;Math&lt;/h3&gt;
&lt;p&gt;Wowchemy supports a Markdown extension for $\LaTeX$ math. You can enable this feature by toggling the &lt;code&gt;math&lt;/code&gt; option in your &lt;code&gt;config/_default/params.yaml&lt;/code&gt; file.&lt;/p&gt;
&lt;p&gt;To render &lt;em&gt;inline&lt;/em&gt; or &lt;em&gt;block&lt;/em&gt; math, wrap your LaTeX math with &lt;code&gt;{{&amp;lt; math &amp;gt;}}$...${{&amp;lt; /math &amp;gt;}}&lt;/code&gt; or &lt;code&gt;{{&amp;lt; math &amp;gt;}}$$...$${{&amp;lt; /math &amp;gt;}}&lt;/code&gt;, respectively. (We wrap the LaTeX math in the Wowchemy &lt;em&gt;math&lt;/em&gt; shortcode to prevent Hugo rendering our math as Markdown. The &lt;em&gt;math&lt;/em&gt; shortcode is new in v5.5-dev.)&lt;/p&gt;
&lt;p&gt;Example &lt;strong&gt;math block&lt;/strong&gt;:&lt;/p&gt;
&lt;div class=&#34;highlight&#34;&gt;&lt;pre tabindex=&#34;0&#34; class=&#34;chroma&#34;&gt;&lt;code class=&#34;language-latex&#34; data-lang=&#34;latex&#34;&gt;&lt;span class=&#34;line&#34;&gt;&lt;span class=&#34;cl&#34;&gt;&lt;span class=&#34;nb&#34;&gt;{{&lt;/span&gt;&amp;lt; math &amp;gt;&lt;span class=&#34;nb&#34;&gt;}}&lt;/span&gt;
&lt;/span&gt;&lt;/span&gt;&lt;span class=&#34;line&#34;&gt;&lt;span class=&#34;cl&#34;&gt;&lt;span class=&#34;sb&#34;&gt;$$&lt;/span&gt;&lt;span class=&#34;nb&#34;&gt;
&lt;/span&gt;&lt;/span&gt;&lt;/span&gt;&lt;span class=&#34;line&#34;&gt;&lt;span class=&#34;cl&#34;&gt;&lt;span class=&#34;nb&#34;&gt;&lt;/span&gt;&lt;span class=&#34;nv&#34;&gt;\gamma&lt;/span&gt;&lt;span class=&#34;nb&#34;&gt;_{n} &lt;/span&gt;&lt;span class=&#34;o&#34;&gt;=&lt;/span&gt;&lt;span class=&#34;nb&#34;&gt; &lt;/span&gt;&lt;span class=&#34;nv&#34;&gt;\frac&lt;/span&gt;&lt;span class=&#34;nb&#34;&gt;{ &lt;/span&gt;&lt;span class=&#34;nv&#34;&gt;\left&lt;/span&gt;&lt;span class=&#34;nb&#34;&gt; | &lt;/span&gt;&lt;span class=&#34;nv&#34;&gt;\left&lt;/span&gt;&lt;span class=&#34;nb&#34;&gt; &lt;/span&gt;&lt;span class=&#34;o&#34;&gt;(&lt;/span&gt;&lt;span class=&#34;nv&#34;&gt;\mathbf&lt;/span&gt;&lt;span class=&#34;nb&#34;&gt; x_{n} &lt;/span&gt;&lt;span class=&#34;o&#34;&gt;-&lt;/span&gt;&lt;span class=&#34;nb&#34;&gt; &lt;/span&gt;&lt;span class=&#34;nv&#34;&gt;\mathbf&lt;/span&gt;&lt;span class=&#34;nb&#34;&gt; x_{n&lt;/span&gt;&lt;span class=&#34;o&#34;&gt;-&lt;/span&gt;&lt;span class=&#34;m&#34;&gt;1&lt;/span&gt;&lt;span class=&#34;nb&#34;&gt;} &lt;/span&gt;&lt;span class=&#34;nv&#34;&gt;\right&lt;/span&gt;&lt;span class=&#34;nb&#34;&gt; &lt;/span&gt;&lt;span class=&#34;o&#34;&gt;)&lt;/span&gt;&lt;span class=&#34;nb&#34;&gt;^T &lt;/span&gt;&lt;span class=&#34;nv&#34;&gt;\left&lt;/span&gt;&lt;span class=&#34;nb&#34;&gt; &lt;/span&gt;&lt;span class=&#34;o&#34;&gt;[&lt;/span&gt;&lt;span class=&#34;nv&#34;&gt;\nabla&lt;/span&gt;&lt;span class=&#34;nb&#34;&gt; F &lt;/span&gt;&lt;span class=&#34;o&#34;&gt;(&lt;/span&gt;&lt;span class=&#34;nv&#34;&gt;\mathbf&lt;/span&gt;&lt;span class=&#34;nb&#34;&gt; x_{n}&lt;/span&gt;&lt;span class=&#34;o&#34;&gt;)&lt;/span&gt;&lt;span class=&#34;nb&#34;&gt; &lt;/span&gt;&lt;span class=&#34;o&#34;&gt;-&lt;/span&gt;&lt;span class=&#34;nb&#34;&gt; &lt;/span&gt;&lt;span class=&#34;nv&#34;&gt;\nabla&lt;/span&gt;&lt;span class=&#34;nb&#34;&gt; F &lt;/span&gt;&lt;span class=&#34;o&#34;&gt;(&lt;/span&gt;&lt;span class=&#34;nv&#34;&gt;\mathbf&lt;/span&gt;&lt;span class=&#34;nb&#34;&gt; x_{n&lt;/span&gt;&lt;span class=&#34;o&#34;&gt;-&lt;/span&gt;&lt;span class=&#34;m&#34;&gt;1&lt;/span&gt;&lt;span class=&#34;nb&#34;&gt;}&lt;/span&gt;&lt;span class=&#34;o&#34;&gt;)&lt;/span&gt;&lt;span class=&#34;nb&#34;&gt; &lt;/span&gt;&lt;span class=&#34;nv&#34;&gt;\right&lt;/span&gt;&lt;span class=&#34;nb&#34;&gt; &lt;/span&gt;&lt;span class=&#34;o&#34;&gt;]&lt;/span&gt;&lt;span class=&#34;nb&#34;&gt; &lt;/span&gt;&lt;span class=&#34;nv&#34;&gt;\right&lt;/span&gt;&lt;span class=&#34;nb&#34;&gt; |}{&lt;/span&gt;&lt;span class=&#34;nv&#34;&gt;\left&lt;/span&gt;&lt;span class=&#34;nb&#34;&gt; &lt;/span&gt;&lt;span class=&#34;nv&#34;&gt;\|\nabla&lt;/span&gt;&lt;span class=&#34;nb&#34;&gt; F&lt;/span&gt;&lt;span class=&#34;o&#34;&gt;(&lt;/span&gt;&lt;span class=&#34;nv&#34;&gt;\mathbf&lt;/span&gt;&lt;span class=&#34;nb&#34;&gt;{x}_{n}&lt;/span&gt;&lt;span class=&#34;o&#34;&gt;)&lt;/span&gt;&lt;span class=&#34;nb&#34;&gt; &lt;/span&gt;&lt;span class=&#34;o&#34;&gt;-&lt;/span&gt;&lt;span class=&#34;nb&#34;&gt; &lt;/span&gt;&lt;span class=&#34;nv&#34;&gt;\nabla&lt;/span&gt;&lt;span class=&#34;nb&#34;&gt; F&lt;/span&gt;&lt;span class=&#34;o&#34;&gt;(&lt;/span&gt;&lt;span class=&#34;nv&#34;&gt;\mathbf&lt;/span&gt;&lt;span class=&#34;nb&#34;&gt;{x}_{n&lt;/span&gt;&lt;span class=&#34;o&#34;&gt;-&lt;/span&gt;&lt;span class=&#34;m&#34;&gt;1&lt;/span&gt;&lt;span class=&#34;nb&#34;&gt;}&lt;/span&gt;&lt;span class=&#34;o&#34;&gt;)&lt;/span&gt;&lt;span class=&#34;nb&#34;&gt; &lt;/span&gt;&lt;span class=&#34;nv&#34;&gt;\right&lt;/span&gt;&lt;span class=&#34;nb&#34;&gt; &lt;/span&gt;&lt;span class=&#34;nv&#34;&gt;\|&lt;/span&gt;&lt;span class=&#34;nb&#34;&gt;^&lt;/span&gt;&lt;span class=&#34;m&#34;&gt;2&lt;/span&gt;&lt;span class=&#34;nb&#34;&gt;}
&lt;/span&gt;&lt;/span&gt;&lt;/span&gt;&lt;span class=&#34;line&#34;&gt;&lt;span class=&#34;cl&#34;&gt;&lt;span class=&#34;nb&#34;&gt;&lt;/span&gt;&lt;span class=&#34;s&#34;&gt;$$&lt;/span&gt;
&lt;/span&gt;&lt;/span&gt;&lt;span class=&#34;line&#34;&gt;&lt;span class=&#34;cl&#34;&gt;&lt;span class=&#34;nb&#34;&gt;{{&lt;/span&gt;&amp;lt; /math &amp;gt;&lt;span class=&#34;nb&#34;&gt;}}&lt;/span&gt;
&lt;/span&gt;&lt;/span&gt;&lt;/code&gt;&lt;/pre&gt;&lt;/div&gt;&lt;p&gt;renders as&lt;/p&gt;



$$\gamma_{n} = \frac{ \left | \left (\mathbf x_{n} - \mathbf x_{n-1} \right )^T \left [\nabla F (\mathbf x_{n}) - \nabla F (\mathbf x_{n-1}) \right ] \right |}{\left \|\nabla F(\mathbf{x}_{n}) - \nabla F(\mathbf{x}_{n-1}) \right \|^2}$$

&lt;p&gt;Example &lt;strong&gt;inline math&lt;/strong&gt; &lt;code&gt;{{&amp;lt; math &amp;gt;}}$\nabla F(\mathbf{x}_{n})${{&amp;lt; /math &amp;gt;}}&lt;/code&gt; renders as 

$\nabla F(\mathbf{x}_{n})$.&lt;/p&gt;
&lt;p&gt;Example &lt;strong&gt;multi-line math&lt;/strong&gt; using the math linebreak (&lt;code&gt;\\&lt;/code&gt;):&lt;/p&gt;
&lt;div class=&#34;highlight&#34;&gt;&lt;pre tabindex=&#34;0&#34; class=&#34;chroma&#34;&gt;&lt;code class=&#34;language-latex&#34; data-lang=&#34;latex&#34;&gt;&lt;span class=&#34;line&#34;&gt;&lt;span class=&#34;cl&#34;&gt;&lt;span class=&#34;nb&#34;&gt;{{&lt;/span&gt;&amp;lt; math &amp;gt;&lt;span class=&#34;nb&#34;&gt;}}&lt;/span&gt;
&lt;/span&gt;&lt;/span&gt;&lt;span class=&#34;line&#34;&gt;&lt;span class=&#34;cl&#34;&gt;&lt;span class=&#34;sb&#34;&gt;$$&lt;/span&gt;&lt;span class=&#34;nb&#34;&gt;f&lt;/span&gt;&lt;span class=&#34;o&#34;&gt;(&lt;/span&gt;&lt;span class=&#34;nb&#34;&gt;k;p_{&lt;/span&gt;&lt;span class=&#34;m&#34;&gt;0&lt;/span&gt;&lt;span class=&#34;nb&#34;&gt;}^{&lt;/span&gt;&lt;span class=&#34;o&#34;&gt;*&lt;/span&gt;&lt;span class=&#34;nb&#34;&gt;}&lt;/span&gt;&lt;span class=&#34;o&#34;&gt;)&lt;/span&gt;&lt;span class=&#34;nb&#34;&gt; &lt;/span&gt;&lt;span class=&#34;o&#34;&gt;=&lt;/span&gt;&lt;span class=&#34;nb&#34;&gt; &lt;/span&gt;&lt;span class=&#34;nv&#34;&gt;\begin&lt;/span&gt;&lt;span class=&#34;nb&#34;&gt;{cases}p_{&lt;/span&gt;&lt;span class=&#34;m&#34;&gt;0&lt;/span&gt;&lt;span class=&#34;nb&#34;&gt;}^{&lt;/span&gt;&lt;span class=&#34;o&#34;&gt;*&lt;/span&gt;&lt;span class=&#34;nb&#34;&gt;} &amp;amp; &lt;/span&gt;&lt;span class=&#34;nv&#34;&gt;\text&lt;/span&gt;&lt;span class=&#34;nb&#34;&gt;{if }k&lt;/span&gt;&lt;span class=&#34;o&#34;&gt;=&lt;/span&gt;&lt;span class=&#34;m&#34;&gt;1&lt;/span&gt;&lt;span class=&#34;nb&#34;&gt;, &lt;/span&gt;&lt;span class=&#34;nv&#34;&gt;\\&lt;/span&gt;&lt;span class=&#34;nb&#34;&gt;
&lt;/span&gt;&lt;/span&gt;&lt;/span&gt;&lt;span class=&#34;line&#34;&gt;&lt;span class=&#34;cl&#34;&gt;&lt;span class=&#34;nb&#34;&gt;&lt;/span&gt;&lt;span class=&#34;m&#34;&gt;1&lt;/span&gt;&lt;span class=&#34;o&#34;&gt;-&lt;/span&gt;&lt;span class=&#34;nb&#34;&gt;p_{&lt;/span&gt;&lt;span class=&#34;m&#34;&gt;0&lt;/span&gt;&lt;span class=&#34;nb&#34;&gt;}^{&lt;/span&gt;&lt;span class=&#34;o&#34;&gt;*&lt;/span&gt;&lt;span class=&#34;nb&#34;&gt;} &amp;amp; &lt;/span&gt;&lt;span class=&#34;nv&#34;&gt;\text&lt;/span&gt;&lt;span class=&#34;nb&#34;&gt;{if }k&lt;/span&gt;&lt;span class=&#34;o&#34;&gt;=&lt;/span&gt;&lt;span class=&#34;m&#34;&gt;0&lt;/span&gt;&lt;span class=&#34;nb&#34;&gt;.&lt;/span&gt;&lt;span class=&#34;nv&#34;&gt;\end&lt;/span&gt;&lt;span class=&#34;nb&#34;&gt;{cases}&lt;/span&gt;&lt;span class=&#34;s&#34;&gt;$$&lt;/span&gt;
&lt;/span&gt;&lt;/span&gt;&lt;span class=&#34;line&#34;&gt;&lt;span class=&#34;cl&#34;&gt;&lt;span class=&#34;nb&#34;&gt;{{&lt;/span&gt;&amp;lt; /math &amp;gt;&lt;span class=&#34;nb&#34;&gt;}}&lt;/span&gt;
&lt;/span&gt;&lt;/span&gt;&lt;/code&gt;&lt;/pre&gt;&lt;/div&gt;&lt;p&gt;renders as&lt;/p&gt;




$$
f(k;p_{0}^{*}) = \begin{cases}p_{0}^{*} &amp; \text{if }k=1, \\
1-p_{0}^{*} &amp; \text{if }k=0.\end{cases}
$$


&lt;h3 id=&#34;diagrams&#34;&gt;Diagrams&lt;/h3&gt;
&lt;p&gt;Wowchemy supports a Markdown extension for diagrams. You can enable this feature by toggling the &lt;code&gt;diagram&lt;/code&gt; option in your &lt;code&gt;config/_default/params.toml&lt;/code&gt; file or by adding &lt;code&gt;diagram: true&lt;/code&gt; to your page front matter.&lt;/p&gt;
&lt;p&gt;An example &lt;strong&gt;flowchart&lt;/strong&gt;:&lt;/p&gt;
&lt;pre&gt;&lt;code&gt;```mermaid
graph TD
A[Hard] --&amp;gt;|Text| B(Round)
B --&amp;gt; C{Decision}
C --&amp;gt;|One| D[Result 1]
C --&amp;gt;|Two| E[Result 2]
```
&lt;/code&gt;&lt;/pre&gt;
&lt;p&gt;renders as&lt;/p&gt;
&lt;div class=&#34;mermaid&#34;&gt;graph TD
A[Hard] --&gt;|Text| B(Round)
B --&gt; C{Decision}
C --&gt;|One| D[Result 1]
C --&gt;|Two| E[Result 2]
&lt;/div&gt;
&lt;p&gt;An example &lt;strong&gt;sequence diagram&lt;/strong&gt;:&lt;/p&gt;
&lt;pre&gt;&lt;code&gt;```mermaid
sequenceDiagram
Alice-&amp;gt;&amp;gt;John: Hello John, how are you?
loop Healthcheck
    John-&amp;gt;&amp;gt;John: Fight against hypochondria
end
Note right of John: Rational thoughts!
John--&amp;gt;&amp;gt;Alice: Great!
John-&amp;gt;&amp;gt;Bob: How about you?
Bob--&amp;gt;&amp;gt;John: Jolly good!
```
&lt;/code&gt;&lt;/pre&gt;
&lt;p&gt;renders as&lt;/p&gt;
&lt;div class=&#34;mermaid&#34;&gt;sequenceDiagram
Alice-&gt;&gt;John: Hello John, how are you?
loop Healthcheck
    John-&gt;&gt;John: Fight against hypochondria
end
Note right of John: Rational thoughts!
John--&gt;&gt;Alice: Great!
John-&gt;&gt;Bob: How about you?
Bob--&gt;&gt;John: Jolly good!
&lt;/div&gt;
&lt;p&gt;An example &lt;strong&gt;Gantt diagram&lt;/strong&gt;:&lt;/p&gt;
&lt;pre&gt;&lt;code&gt;```mermaid
gantt
section Section
Completed :done,    des1, 2014-01-06,2014-01-08
Active        :active,  des2, 2014-01-07, 3d
Parallel 1   :         des3, after des1, 1d
Parallel 2   :         des4, after des1, 1d
Parallel 3   :         des5, after des3, 1d
Parallel 4   :         des6, after des4, 1d
```
&lt;/code&gt;&lt;/pre&gt;
&lt;p&gt;renders as&lt;/p&gt;
&lt;div class=&#34;mermaid&#34;&gt;gantt
section Section
Completed :done,    des1, 2014-01-06,2014-01-08
Active        :active,  des2, 2014-01-07, 3d
Parallel 1   :         des3, after des1, 1d
Parallel 2   :         des4, after des1, 1d
Parallel 3   :         des5, after des3, 1d
Parallel 4   :         des6, after des4, 1d
&lt;/div&gt;
&lt;p&gt;An example &lt;strong&gt;class diagram&lt;/strong&gt;:&lt;/p&gt;
&lt;pre&gt;&lt;code&gt;```mermaid
classDiagram
Class01 &amp;lt;|-- AveryLongClass : Cool
Class03 *-- Class04
Class05 o-- Class06
Class07 .. Class08
Class09 --&amp;gt; C2 : Where am i?
Class09 --* C3
Class09 --|&amp;gt; Class07
Class07 : equals()
Class07 : Object[] elementData
Class01 : size()
Class01 : int chimp
Class01 : int gorilla
Class08 &amp;lt;--&amp;gt; C2: Cool label
```
&lt;/code&gt;&lt;/pre&gt;
&lt;p&gt;renders as&lt;/p&gt;
&lt;div class=&#34;mermaid&#34;&gt;classDiagram
Class01 &lt;|-- AveryLongClass : Cool
Class03 *-- Class04
Class05 o-- Class06
Class07 .. Class08
Class09 --&gt; C2 : Where am i?
Class09 --* C3
Class09 --|&gt; Class07
Class07 : equals()
Class07 : Object[] elementData
Class01 : size()
Class01 : int chimp
Class01 : int gorilla
Class08 &lt;--&gt; C2: Cool label
&lt;/div&gt;
&lt;p&gt;An example &lt;strong&gt;state diagram&lt;/strong&gt;:&lt;/p&gt;
&lt;pre&gt;&lt;code&gt;```mermaid
stateDiagram
[*] --&amp;gt; Still
Still --&amp;gt; [*]
Still --&amp;gt; Moving
Moving --&amp;gt; Still
Moving --&amp;gt; Crash
Crash --&amp;gt; [*]
```
&lt;/code&gt;&lt;/pre&gt;
&lt;p&gt;renders as&lt;/p&gt;
&lt;div class=&#34;mermaid&#34;&gt;stateDiagram
[*] --&gt; Still
Still --&gt; [*]
Still --&gt; Moving
Moving --&gt; Still
Moving --&gt; Crash
Crash --&gt; [*]
&lt;/div&gt;
&lt;h3 id=&#34;todo-lists&#34;&gt;Todo lists&lt;/h3&gt;
&lt;p&gt;You can even write your todo lists in Markdown too:&lt;/p&gt;
&lt;div class=&#34;highlight&#34;&gt;&lt;pre tabindex=&#34;0&#34; class=&#34;chroma&#34;&gt;&lt;code class=&#34;language-markdown&#34; data-lang=&#34;markdown&#34;&gt;&lt;span class=&#34;line&#34;&gt;&lt;span class=&#34;cl&#34;&gt;&lt;span class=&#34;k&#34;&gt;- [x]&lt;/span&gt; Write math example
&lt;/span&gt;&lt;/span&gt;&lt;span class=&#34;line&#34;&gt;&lt;span class=&#34;cl&#34;&gt;  &lt;span class=&#34;k&#34;&gt;- [x]&lt;/span&gt; Write diagram example
&lt;/span&gt;&lt;/span&gt;&lt;span class=&#34;line&#34;&gt;&lt;span class=&#34;cl&#34;&gt;&lt;span class=&#34;k&#34;&gt;- [ ]&lt;/span&gt; Do something else
&lt;/span&gt;&lt;/span&gt;&lt;/code&gt;&lt;/pre&gt;&lt;/div&gt;&lt;p&gt;renders as&lt;/p&gt;
&lt;ul&gt;
&lt;li&gt;&lt;input checked=&#34;&#34; disabled=&#34;&#34; type=&#34;checkbox&#34;&gt; Write math example
&lt;ul&gt;
&lt;li&gt;&lt;input checked=&#34;&#34; disabled=&#34;&#34; type=&#34;checkbox&#34;&gt; Write diagram example&lt;/li&gt;
&lt;/ul&gt;
&lt;/li&gt;
&lt;li&gt;&lt;input disabled=&#34;&#34; type=&#34;checkbox&#34;&gt; Do something else&lt;/li&gt;
&lt;/ul&gt;
&lt;h3 id=&#34;tables&#34;&gt;Tables&lt;/h3&gt;
&lt;p&gt;Save your spreadsheet as a CSV file in your page&amp;rsquo;s folder and then render it by adding the &lt;em&gt;Table&lt;/em&gt; shortcode to your page:&lt;/p&gt;
&lt;div class=&#34;highlight&#34;&gt;&lt;pre tabindex=&#34;0&#34; class=&#34;chroma&#34;&gt;&lt;code class=&#34;language-go&#34; data-lang=&#34;go&#34;&gt;&lt;span class=&#34;line&#34;&gt;&lt;span class=&#34;cl&#34;&gt;&lt;span class=&#34;p&#34;&gt;{{&amp;lt;&lt;/span&gt; &lt;span class=&#34;nx&#34;&gt;table&lt;/span&gt; &lt;span class=&#34;nx&#34;&gt;path&lt;/span&gt;&lt;span class=&#34;p&#34;&gt;=&lt;/span&gt;&lt;span class=&#34;s&#34;&gt;&amp;#34;results.csv&amp;#34;&lt;/span&gt; &lt;span class=&#34;nx&#34;&gt;header&lt;/span&gt;&lt;span class=&#34;p&#34;&gt;=&lt;/span&gt;&lt;span class=&#34;s&#34;&gt;&amp;#34;true&amp;#34;&lt;/span&gt; &lt;span class=&#34;nx&#34;&gt;caption&lt;/span&gt;&lt;span class=&#34;p&#34;&gt;=&lt;/span&gt;&lt;span class=&#34;s&#34;&gt;&amp;#34;Table 1: My results&amp;#34;&lt;/span&gt; &lt;span class=&#34;p&#34;&gt;&amp;gt;}}&lt;/span&gt;
&lt;/span&gt;&lt;/span&gt;&lt;/code&gt;&lt;/pre&gt;&lt;/div&gt;&lt;p&gt;renders as&lt;/p&gt;













  



&lt;table class=&#34;table&#34;&gt;
  
    
    
    &lt;tr&gt;  &lt;th&gt;customer_id&lt;/th&gt;  &lt;th&gt;score&lt;/th&gt;  &lt;/tr&gt;
  
  
    &lt;tr&gt;
      
        
          &lt;td data-table-dtype=&#34;number&#34;&gt;1&lt;/td&gt;
        
      
        
          &lt;td data-table-dtype=&#34;number&#34;&gt;0&lt;/td&gt;
        
      
    &lt;/tr&gt;
  
    &lt;tr&gt;
      
        
          &lt;td data-table-dtype=&#34;number&#34;&gt;2&lt;/td&gt;
        
      
        
          &lt;td data-table-dtype=&#34;text&#34;&gt;0.5&lt;/td&gt;
        
      
    &lt;/tr&gt;
  
    &lt;tr&gt;
      
        
          &lt;td data-table-dtype=&#34;number&#34;&gt;3&lt;/td&gt;
        
      
        
          &lt;td data-table-dtype=&#34;number&#34;&gt;1&lt;/td&gt;
        
      
    &lt;/tr&gt;
  
  
    &lt;caption&gt;Table 1: My results&lt;/caption&gt;
  
&lt;/table&gt;

&lt;h3 id=&#34;callouts&#34;&gt;Callouts&lt;/h3&gt;
&lt;p&gt;Academic supports a &lt;a href=&#34;https://wowchemy.com/docs/content/writing-markdown-latex/#callouts&#34; target=&#34;_blank&#34; rel=&#34;noopener&#34;&gt;shortcode for callouts&lt;/a&gt;, also referred to as &lt;em&gt;asides&lt;/em&gt;, &lt;em&gt;hints&lt;/em&gt;, or &lt;em&gt;alerts&lt;/em&gt;. By wrapping a paragraph in &lt;code&gt;{{% callout note %}} ... {{% /callout %}}&lt;/code&gt;, it will render as an aside.&lt;/p&gt;
&lt;div class=&#34;highlight&#34;&gt;&lt;pre tabindex=&#34;0&#34; class=&#34;chroma&#34;&gt;&lt;code class=&#34;language-markdown&#34; data-lang=&#34;markdown&#34;&gt;&lt;span class=&#34;line&#34;&gt;&lt;span class=&#34;cl&#34;&gt;{{% callout note %}}
&lt;/span&gt;&lt;/span&gt;&lt;span class=&#34;line&#34;&gt;&lt;span class=&#34;cl&#34;&gt;A Markdown aside is useful for displaying notices, hints, or definitions to your readers.
&lt;/span&gt;&lt;/span&gt;&lt;span class=&#34;line&#34;&gt;&lt;span class=&#34;cl&#34;&gt;{{% /callout %}}
&lt;/span&gt;&lt;/span&gt;&lt;/code&gt;&lt;/pre&gt;&lt;/div&gt;&lt;p&gt;renders as&lt;/p&gt;
&lt;div class=&#34;alert alert-note&#34;&gt;
  &lt;div&gt;
    A Markdown aside is useful for displaying notices, hints, or definitions to your readers.
  &lt;/div&gt;
&lt;/div&gt;
&lt;h3 id=&#34;spoilers&#34;&gt;Spoilers&lt;/h3&gt;
&lt;p&gt;Add a spoiler to a page to reveal text, such as an answer to a question, after a button is clicked.&lt;/p&gt;
&lt;div class=&#34;highlight&#34;&gt;&lt;pre tabindex=&#34;0&#34; class=&#34;chroma&#34;&gt;&lt;code class=&#34;language-markdown&#34; data-lang=&#34;markdown&#34;&gt;&lt;span class=&#34;line&#34;&gt;&lt;span class=&#34;cl&#34;&gt;{{&lt;span class=&#34;p&#34;&gt;&amp;lt;&lt;/span&gt; &lt;span class=&#34;nt&#34;&gt;spoiler&lt;/span&gt; &lt;span class=&#34;na&#34;&gt;text&lt;/span&gt;&lt;span class=&#34;o&#34;&gt;=&lt;/span&gt;&lt;span class=&#34;s&#34;&gt;&amp;#34;Click to view the spoiler&amp;#34;&lt;/span&gt; &lt;span class=&#34;p&#34;&gt;&amp;gt;&lt;/span&gt;}}
&lt;/span&gt;&lt;/span&gt;&lt;span class=&#34;line&#34;&gt;&lt;span class=&#34;cl&#34;&gt;You found me!
&lt;/span&gt;&lt;/span&gt;&lt;span class=&#34;line&#34;&gt;&lt;span class=&#34;cl&#34;&gt;{{&lt;span class=&#34;p&#34;&gt;&amp;lt;&lt;/span&gt; &lt;span class=&#34;p&#34;&gt;/&lt;/span&gt;&lt;span class=&#34;nt&#34;&gt;spoiler&lt;/span&gt; &lt;span class=&#34;p&#34;&gt;&amp;gt;&lt;/span&gt;}}
&lt;/span&gt;&lt;/span&gt;&lt;/code&gt;&lt;/pre&gt;&lt;/div&gt;&lt;p&gt;renders as&lt;/p&gt;
&lt;details class=&#34;spoiler &#34;  id=&#34;spoiler-6&#34;&gt;
  &lt;summary&gt;Click to view the spoiler&lt;/summary&gt;
  &lt;p&gt;You found me!&lt;/p&gt;
&lt;/details&gt;
&lt;h3 id=&#34;icons&#34;&gt;Icons&lt;/h3&gt;
&lt;p&gt;Academic enables you to use a wide range of &lt;a href=&#34;https://wowchemy.com/docs/getting-started/page-builder/#icons&#34; target=&#34;_blank&#34; rel=&#34;noopener&#34;&gt;icons from &lt;em&gt;Font Awesome&lt;/em&gt; and &lt;em&gt;Academicons&lt;/em&gt;&lt;/a&gt; in addition to &lt;a href=&#34;https://wowchemy.com/docs/content/writing-markdown-latex/#emojis&#34; target=&#34;_blank&#34; rel=&#34;noopener&#34;&gt;emojis&lt;/a&gt;.&lt;/p&gt;
&lt;p&gt;Here are some examples using the &lt;code&gt;icon&lt;/code&gt; shortcode to render icons:&lt;/p&gt;
&lt;div class=&#34;highlight&#34;&gt;&lt;pre tabindex=&#34;0&#34; class=&#34;chroma&#34;&gt;&lt;code class=&#34;language-markdown&#34; data-lang=&#34;markdown&#34;&gt;&lt;span class=&#34;line&#34;&gt;&lt;span class=&#34;cl&#34;&gt;{{&lt;span class=&#34;p&#34;&gt;&amp;lt;&lt;/span&gt; &lt;span class=&#34;nt&#34;&gt;icon&lt;/span&gt; &lt;span class=&#34;na&#34;&gt;name&lt;/span&gt;&lt;span class=&#34;o&#34;&gt;=&lt;/span&gt;&lt;span class=&#34;s&#34;&gt;&amp;#34;terminal&amp;#34;&lt;/span&gt; &lt;span class=&#34;na&#34;&gt;pack&lt;/span&gt;&lt;span class=&#34;o&#34;&gt;=&lt;/span&gt;&lt;span class=&#34;s&#34;&gt;&amp;#34;fas&amp;#34;&lt;/span&gt; &lt;span class=&#34;p&#34;&gt;&amp;gt;&lt;/span&gt;}} Terminal  
&lt;/span&gt;&lt;/span&gt;&lt;span class=&#34;line&#34;&gt;&lt;span class=&#34;cl&#34;&gt;{{&lt;span class=&#34;p&#34;&gt;&amp;lt;&lt;/span&gt; &lt;span class=&#34;nt&#34;&gt;icon&lt;/span&gt; &lt;span class=&#34;na&#34;&gt;name&lt;/span&gt;&lt;span class=&#34;o&#34;&gt;=&lt;/span&gt;&lt;span class=&#34;s&#34;&gt;&amp;#34;python&amp;#34;&lt;/span&gt; &lt;span class=&#34;na&#34;&gt;pack&lt;/span&gt;&lt;span class=&#34;o&#34;&gt;=&lt;/span&gt;&lt;span class=&#34;s&#34;&gt;&amp;#34;fab&amp;#34;&lt;/span&gt; &lt;span class=&#34;p&#34;&gt;&amp;gt;&lt;/span&gt;}} Python  
&lt;/span&gt;&lt;/span&gt;&lt;span class=&#34;line&#34;&gt;&lt;span class=&#34;cl&#34;&gt;{{&lt;span class=&#34;p&#34;&gt;&amp;lt;&lt;/span&gt; &lt;span class=&#34;nt&#34;&gt;icon&lt;/span&gt; &lt;span class=&#34;na&#34;&gt;name&lt;/span&gt;&lt;span class=&#34;o&#34;&gt;=&lt;/span&gt;&lt;span class=&#34;s&#34;&gt;&amp;#34;r-project&amp;#34;&lt;/span&gt; &lt;span class=&#34;na&#34;&gt;pack&lt;/span&gt;&lt;span class=&#34;o&#34;&gt;=&lt;/span&gt;&lt;span class=&#34;s&#34;&gt;&amp;#34;fab&amp;#34;&lt;/span&gt; &lt;span class=&#34;p&#34;&gt;&amp;gt;&lt;/span&gt;}} R
&lt;/span&gt;&lt;/span&gt;&lt;/code&gt;&lt;/pre&gt;&lt;/div&gt;&lt;p&gt;renders as&lt;/p&gt;
&lt;p&gt;
  &lt;i class=&#34;fas fa-terminal  pr-1 fa-fw&#34;&gt;&lt;/i&gt; Terminal&lt;br&gt;

  &lt;i class=&#34;fab fa-python  pr-1 fa-fw&#34;&gt;&lt;/i&gt; Python&lt;br&gt;

  &lt;i class=&#34;fab fa-r-project  pr-1 fa-fw&#34;&gt;&lt;/i&gt; R&lt;/p&gt;
&lt;h3 id=&#34;did-you-find-this-page-helpful-consider-sharing-it-&#34;&gt;Did you find this page helpful? Consider sharing it 🙌&lt;/h3&gt;
</description>
    </item>
    
    <item>
      <title>Display Jupyter Notebooks with Academic</title>
      <link>https://davider95.netlify.app/post/jupyter/</link>
      <pubDate>Tue, 05 Feb 2019 00:00:00 +0000</pubDate>
      <guid>https://davider95.netlify.app/post/jupyter/</guid>
      <description>&lt;div class=&#34;highlight&#34;&gt;&lt;pre tabindex=&#34;0&#34; class=&#34;chroma&#34;&gt;&lt;code class=&#34;language-python&#34; data-lang=&#34;python&#34;&gt;&lt;span class=&#34;line&#34;&gt;&lt;span class=&#34;cl&#34;&gt;&lt;span class=&#34;kn&#34;&gt;from&lt;/span&gt; &lt;span class=&#34;nn&#34;&gt;IPython.core.display&lt;/span&gt; &lt;span class=&#34;kn&#34;&gt;import&lt;/span&gt; &lt;span class=&#34;n&#34;&gt;Image&lt;/span&gt;
&lt;/span&gt;&lt;/span&gt;&lt;span class=&#34;line&#34;&gt;&lt;span class=&#34;cl&#34;&gt;&lt;span class=&#34;n&#34;&gt;Image&lt;/span&gt;&lt;span class=&#34;p&#34;&gt;(&lt;/span&gt;&lt;span class=&#34;s1&#34;&gt;&amp;#39;https://www.python.org/static/community_logos/python-logo-master-v3-TM-flattened.png&amp;#39;&lt;/span&gt;&lt;span class=&#34;p&#34;&gt;)&lt;/span&gt;
&lt;/span&gt;&lt;/span&gt;&lt;/code&gt;&lt;/pre&gt;&lt;/div&gt;&lt;p&gt;















&lt;figure  &gt;
  &lt;div class=&#34;d-flex justify-content-center&#34;&gt;
    &lt;div class=&#34;w-100&#34; &gt;&lt;img src=&#34;./index_1_0.png&#34; alt=&#34;png&#34; loading=&#34;lazy&#34; data-zoomable /&gt;&lt;/div&gt;
  &lt;/div&gt;&lt;/figure&gt;
&lt;/p&gt;
&lt;div class=&#34;highlight&#34;&gt;&lt;pre tabindex=&#34;0&#34; class=&#34;chroma&#34;&gt;&lt;code class=&#34;language-python&#34; data-lang=&#34;python&#34;&gt;&lt;span class=&#34;line&#34;&gt;&lt;span class=&#34;cl&#34;&gt;&lt;span class=&#34;nb&#34;&gt;print&lt;/span&gt;&lt;span class=&#34;p&#34;&gt;(&lt;/span&gt;&lt;span class=&#34;s2&#34;&gt;&amp;#34;Welcome to Academic!&amp;#34;&lt;/span&gt;&lt;span class=&#34;p&#34;&gt;)&lt;/span&gt;
&lt;/span&gt;&lt;/span&gt;&lt;/code&gt;&lt;/pre&gt;&lt;/div&gt;&lt;pre&gt;&lt;code&gt;Welcome to Academic!
&lt;/code&gt;&lt;/pre&gt;
&lt;h2 id=&#34;install-python-and-jupyterlab&#34;&gt;Install Python and JupyterLab&lt;/h2&gt;
&lt;p&gt;&lt;a href=&#34;https://www.anaconda.com/distribution/#download-section&#34; target=&#34;_blank&#34; rel=&#34;noopener&#34;&gt;Install Anaconda&lt;/a&gt; which includes Python 3 and JupyterLab.&lt;/p&gt;
&lt;p&gt;Alternatively, install JupyterLab with &lt;code&gt;pip3 install jupyterlab&lt;/code&gt;.&lt;/p&gt;
&lt;h2 id=&#34;create-or-upload-a-jupyter-notebook&#34;&gt;Create or upload a Jupyter notebook&lt;/h2&gt;
&lt;p&gt;Run the following commands in your Terminal, substituting &lt;code&gt;&amp;lt;MY-WEBSITE-FOLDER&amp;gt;&lt;/code&gt; and &lt;code&gt;&amp;lt;SHORT-POST-TITLE&amp;gt;&lt;/code&gt; with the file path to your Academic website folder and a short title for your blog post (use hyphens instead of spaces), respectively:&lt;/p&gt;
&lt;div class=&#34;highlight&#34;&gt;&lt;pre tabindex=&#34;0&#34; class=&#34;chroma&#34;&gt;&lt;code class=&#34;language-bash&#34; data-lang=&#34;bash&#34;&gt;&lt;span class=&#34;line&#34;&gt;&lt;span class=&#34;cl&#34;&gt;mkdir -p &amp;lt;MY-WEBSITE-FOLDER&amp;gt;/content/post/&amp;lt;SHORT-POST-TITLE&amp;gt;/
&lt;/span&gt;&lt;/span&gt;&lt;span class=&#34;line&#34;&gt;&lt;span class=&#34;cl&#34;&gt;&lt;span class=&#34;nb&#34;&gt;cd&lt;/span&gt; &amp;lt;MY-WEBSITE-FOLDER&amp;gt;/content/post/&amp;lt;SHORT-POST-TITLE&amp;gt;/
&lt;/span&gt;&lt;/span&gt;&lt;span class=&#34;line&#34;&gt;&lt;span class=&#34;cl&#34;&gt;jupyter lab index.ipynb
&lt;/span&gt;&lt;/span&gt;&lt;/code&gt;&lt;/pre&gt;&lt;/div&gt;&lt;p&gt;The &lt;code&gt;jupyter&lt;/code&gt; command above will launch the JupyterLab editor, allowing us to add Academic metadata and write the content.&lt;/p&gt;
&lt;h2 id=&#34;edit-your-post-metadata&#34;&gt;Edit your post metadata&lt;/h2&gt;
&lt;p&gt;The first cell of your Jupter notebook will contain your post metadata (&lt;a href=&#34;https://sourcethemes.com/academic/docs/front-matter/&#34; target=&#34;_blank&#34; rel=&#34;noopener&#34;&gt;front matter&lt;/a&gt;).&lt;/p&gt;
&lt;p&gt;In Jupter, choose &lt;em&gt;Markdown&lt;/em&gt; as the type of the first cell and wrap your Academic metadata in three dashes, indicating that it is YAML front matter:&lt;/p&gt;
&lt;div class=&#34;highlight&#34;&gt;&lt;pre tabindex=&#34;0&#34; class=&#34;chroma&#34;&gt;&lt;code class=&#34;language-fallback&#34; data-lang=&#34;fallback&#34;&gt;&lt;span class=&#34;line&#34;&gt;&lt;span class=&#34;cl&#34;&gt;---
&lt;/span&gt;&lt;/span&gt;&lt;span class=&#34;line&#34;&gt;&lt;span class=&#34;cl&#34;&gt;title: My post&amp;#39;s title
&lt;/span&gt;&lt;/span&gt;&lt;span class=&#34;line&#34;&gt;&lt;span class=&#34;cl&#34;&gt;date: 2019-09-01
&lt;/span&gt;&lt;/span&gt;&lt;span class=&#34;line&#34;&gt;&lt;span class=&#34;cl&#34;&gt;
&lt;/span&gt;&lt;/span&gt;&lt;span class=&#34;line&#34;&gt;&lt;span class=&#34;cl&#34;&gt;# Put any other Academic metadata here...
&lt;/span&gt;&lt;/span&gt;&lt;span class=&#34;line&#34;&gt;&lt;span class=&#34;cl&#34;&gt;---
&lt;/span&gt;&lt;/span&gt;&lt;/code&gt;&lt;/pre&gt;&lt;/div&gt;&lt;p&gt;Edit the metadata of your post, using the &lt;a href=&#34;https://sourcethemes.com/academic/docs/managing-content&#34; target=&#34;_blank&#34; rel=&#34;noopener&#34;&gt;documentation&lt;/a&gt; as a guide to the available options.&lt;/p&gt;
&lt;p&gt;To set a &lt;a href=&#34;https://sourcethemes.com/academic/docs/managing-content/#featured-image&#34; target=&#34;_blank&#34; rel=&#34;noopener&#34;&gt;featured image&lt;/a&gt;, place an image named &lt;code&gt;featured&lt;/code&gt; into your post&amp;rsquo;s folder.&lt;/p&gt;
&lt;p&gt;For other tips, such as using math, see the guide on &lt;a href=&#34;https://wowchemy.com/docs/content/writing-markdown-latex/&#34; target=&#34;_blank&#34; rel=&#34;noopener&#34;&gt;writing content with Academic&lt;/a&gt;.&lt;/p&gt;
&lt;h2 id=&#34;convert-notebook-to-markdown&#34;&gt;Convert notebook to Markdown&lt;/h2&gt;
&lt;div class=&#34;highlight&#34;&gt;&lt;pre tabindex=&#34;0&#34; class=&#34;chroma&#34;&gt;&lt;code class=&#34;language-bash&#34; data-lang=&#34;bash&#34;&gt;&lt;span class=&#34;line&#34;&gt;&lt;span class=&#34;cl&#34;&gt;jupyter nbconvert index.ipynb --to markdown --NbConvertApp.output_files_dir&lt;span class=&#34;o&#34;&gt;=&lt;/span&gt;.
&lt;/span&gt;&lt;/span&gt;&lt;/code&gt;&lt;/pre&gt;&lt;/div&gt;&lt;h2 id=&#34;example&#34;&gt;Example&lt;/h2&gt;
&lt;p&gt;This post was created with Jupyter. The orginal files can be found at &lt;a href=&#34;https://github.com/gcushen/hugo-academic/tree/master/exampleSite/content/post/jupyter&#34; target=&#34;_blank&#34; rel=&#34;noopener&#34;&gt;https://github.com/gcushen/hugo-academic/tree/master/exampleSite/content/post/jupyter&lt;/a&gt;&lt;/p&gt;
</description>
    </item>
    
  </channel>
</rss>
