<?xml version="1.0" encoding="utf-8" standalone="yes" ?>
<rss version="2.0" xmlns:atom="http://www.w3.org/2005/Atom">
  <channel>
    <title>Categories | Davide Rucci – PhD</title>
    <link>https://davider95.netlify.app/categories/</link>
      <atom:link href="https://davider95.netlify.app/categories/index.xml" rel="self" type="application/rss+xml" />
    <description>Categories</description>
    <generator>Wowchemy (https://wowchemy.com)</generator><language>en-us</language><lastBuildDate>Sun, 13 Dec 2020 00:00:00 +0000</lastBuildDate>
    <image>
      <url>https://davider95.netlify.app/media/icon_hu0b7a4cb9992c9ac0e91bd28ffd38dd00_9727_512x512_fill_lanczos_center_3.png</url>
      <title>Categories</title>
      <link>https://davider95.netlify.app/categories/</link>
    </image>
    
  </channel>
</rss>
